"","Quote","Author"
"1","The way get started is to quit talking and begin doing.","Walt Disney"
"2","The pessimist sees difficulty in every opportunity. The optimist sees opportunity in every difficulty.","Winston Churchill"
"3","Donít let yesterday take up too much of today.","Will Rogers"
"4","You learn more from failure than from success. Donít let it stop you. Failure builds character.","Unknown"
"5","Itís not whether you get knocked down, itís whether you get up.","Vince Lombardi"
"6","If you are working on something that you really care about, you donít have to be pushed. The vision pulls you.","Steve Jobs"
"7","People who are crazy enough to think they can change the world, are the ones who do.","Rob Siltanen"
"8","Failure will never overtake me if my determination to succeed is strong enough.","Og Mandino"
"9","Entrepreneurs are great at dealing with uncertainty and also very good at minimizing risk. Thatís the classic entrepreneur.","Mohnish Pabrai"
"10","We may encounter many defeats but we must not be defeated.","Maya Angelou"
"11","Knowing is not enough; we must apply. Wishing is not enough; we must do.","Johann Wolfgang Von Goethe"
"12","Imagine your life is perfect in every respect; what would it look like?","Brian Tracy"
"13","We generate fears while we sit. We overcome them by action.","Dr. Henry Link"
"14","Whether you think you can or think you canít, youíre right.","Quote by Henry Ford"
"15","Security is mostly a superstition. Life is either a daring adventure or nothing.","Life Quote by Helen Keller"
"16","The man who has confidence in himself gains the confidence of others.","Hasidic Proverb"
"17","The only limit to our realization of tomorrow will be our doubts of today.","Motivational Quote by Franklin D. Roosevelt"
"18","Creativity is intelligence having fun.","Albert Einstein"
"19","What you lack in talent can be made up with desire, hustle and giving 110% all the time.","Don Zimmer"
"20","Do what you can with all you have, wherever you are.","Theodore Roosevelt"
"21","Develop an ëAttitude of Gratitudeí. Say thank you to everyone you meet for everything they do for you.","Encouraging Quote by Brian Tracy"
"22","You are never too old to set another goal or to dream a new dream.","C.S. Lewis"
"23","To see what is right and not do it is a lack of courage.","Confucius"
"24","Reading is to the mind, as exercise is to the body.","Brian Tracy"
"25","Fake it until you make it! Act as if you had all the confidence you require until it becomes your reality.","Brian Tracy"
"26","The future belongs to the competent. Get good, get better, be the best!","Success Quote by Brian Tracy"
"27","For every reason itís not possible, there are hundreds of people who have faced the same circumstances and succeeded.","Jack Canfield"
"28","Things work out best for those who make the best of how things work out.","Positive Quote by John Wooden"
"29","A room without books is like a body without a soul.","Marcus Tullius Cicero"
"30","I think goals should never be easy, they should force you to work, even if they are uncomfortable at the time.","Michael Phelps"
"31","One of the lessons that I grew up with was to always stay true to yourself and never let what somebody else says distract you from your goals.","Michelle Obama"
"32","Todayís accomplishments were yesterdayís impossibilities.","Robert H. Schuller"
"33","The only way to do great work is to love what you do. If you havenít found it yet, keep looking. Donít settle.","Steve Jobs"
"34","You donít have to be great to start, but you have to start to be great.","Zig Ziglar"
"35","† A clear vision, backed by definite plans, gives you a tremendous feeling of confidence and personal power.","Brian Tracy"
"36","There are no limits to what you can accomplish, except the limits you place on your own thinking.","Brian Tracy"
"37","Integrity is the most valuable and respected quality of leadership. Always keep your word.",NA
"38","†Leadership is the ability to get extraordinary achievement from ordinary people",NA
"39","Leaders set high standards. Refuse to tolerate mediocrity or poor performance",NA
"40","Clarity is the key to effective leadership. What are your goals?",NA
"41","The best leaders have a high Consideration Factor. They really care about their people",NA
"42","Leaders think and talk about the solutions. Followers think and talk about the problems.",NA
"43","The key responsibility of leadership is to think about the future. No one else can do it for you.",NA
"44","The effective leader recognizes that they are more dependent on their people than they are on them. Walk softly.",NA
"45","Leaders never use the word failure. They look upon setbacks as learning experiences.",NA
"46","Practice Golden Rule Management in everything you do. Manage others the way you would like to be managed.",NA
"47","Superior leaders are willing to admit a mistake and cut their losses. Be willing to admit that youíve changed your mind. Donít persist when the original decision turns out to be a poor one.",NA
"48","†Leaders are anticipatory thinkers. They consider all consequences of their behaviors before they act.",NA
"49","The true test of leadership is how well you function in a crisis.",NA
"50","Leaders concentrate single-mindedly on one thingñ the most important thing, and they stay at it until itís complete.",NA
"51","The three ëCísí of leadership are Consideration, Caring, and Courtesy. Be polite to everyone.",NA
"52","Respect is the key determinant of high-performance leadership. How much people respect you determines how well they perform.",NA
"53","Leadership is more who you are than what you do.",NA
"54","Entrepreneurial leadership requires the ability to move quickly when opportunity presents itself.",NA
"55","Leaders are innovative, entrepreneurial, and future-oriented. They focus on getting the job done.",NA
"56","Leaders are never satisfied; they continually strive to be better.",NA
"57","Life is about making an impact, not making an income. --Kevin Kruse",NA
"58","Whatever the mind of man can conceive and believe, it can achieve.","Napoleon Hill"
"59","Strive not to be a success, but rather to be of value.","Albert Einstein"
"60","Two roads diverged in a wood, and IóI took the one less traveled by, And that has made all the difference.†","Robert Frost"
"61","I attribute my success to this: I never gave or took any excuse.","Florence Nightingale"
"62","You miss 100% of the shots you donít take.","Wayne Gretzky"
"63","I've missed more than 9000 shots in my career. I've lost almost 300 games. 26 times I've been trusted to take the game winning shot and missed. I've failed over and over and over again in my life. And that is why I succeed.","Michael Jordan"
"64","The most difficult thing is the decision to act, the rest is merely tenacity.","Amelia Earhart"
"65","Every strike brings me closer to the next home run.","Babe Ruth"
"66","Definiteness of purpose is the starting point of all achievement.","W. Clement Stone"
"67","Life isn't about getting and having, it's about giving and being.","Kevin Kruse"
"68","Life is what happens to you while youíre busy making other plans.","John Lennon"
"69","We become what we think about.","Earl Nightingale"
"70","Twenty years from now you will be more disappointed by the things that you didnít do than by the ones you did do, so throw off the bowlines, sail away from safe harbor, catch the trade winds in your sails.† Explore, Dream, Discover.","Mark Twain"
"71","Life is 10% what happens to me and 90% of how I react to it.","Charles Swindoll"
"72","The most common way people give up their power is by thinking they donít have any.","Alice Walker"
"73","The mind is everything. What you think you become.†","Buddha"
"74","The best time to plant a tree was 20 years ago. The second best time is now.","Chinese Proverb"
"75","An unexamined life is not worth living.","Socrates"
"76","Eighty percent of success is showing up.","Woody Allen"
"77","Your time is limited, so donít waste it living someone elseís life.","Steve Jobs"
"78","Winning isnít everything, but wanting to win is.","Vince Lombardi"
"79","I am not a product of my circumstances. I am a product of my decisions.","Stephen Covey"
"80","Every child is an artist.† The problem is how to remain an artist once he grows up.","Pablo Picasso"
"81","You can never cross the ocean until you have the courage to lose sight of the shore.","Christopher Columbus"
"82","Iíve learned that people will forget what you said, people will forget what you did, but people will never forget how you made them feel.","Maya Angelou"
"83","Either you run the day, or the day runs you.","Jim Rohn"
"84","Whether you think you can or you think you canít, youíre right.","Henry Ford"
"85","The two most important days in your life are the day you are born and the day you find out why.","Mark Twain"
"86","Whatever you can do, or dream you can, begin it.† Boldness has genius, power and magic in it.","Johann Wolfgang von Goethe"
"87","The best revenge is massive success.","Frank Sinatra"
"88","People often say that motivation doesnít last. Well, neither does bathing.† Thatís why we recommend it daily.","Zig Ziglar"
"89","Life shrinks or expands in proportion to one's courage.","Anais Nin"
"90","If you hear a voice within you say ìyou cannot paint,î then by all means paint and that voice will be silenced.","Vincent Van Gogh"
"91","There is only one way to avoid criticism: do nothing, say nothing, and be nothing.","Aristotle"
"92","Ask and it will be given to you; search, and you will find; knock and the door will be opened for you.","Jesus"
"93","The only person you are destined to become is the person you decide to be.","Ralph Waldo Emerson"
"94","Go confidently in the direction of your dreams.† Live the life you have imagined.","Henry David Thoreau"
"95","When I stand before God at the end of my life, I would hope that I would not have a single bit of talent left and could say, I used everything you gave me.","Erma Bombeck"
"96","Few things can help an individual more than to place responsibility on him, and to let him know that you trust him.†","Booker T. Washington"
"97","Certain things catch your eye, but pursue only those that capture the heart.","Ancient Indian Proverb"
"98","Believe you can and youíre halfway there.","Theodore Roosevelt"
"99","Everything youíve ever wanted is on the other side of fear.","George Addair"
"100","We can easily forgive a child who is afraid of the dark; the real tragedy of life is when men are afraid of the light.","Plato"
"101","Teach thy tongue to say, ""I do not know,"" and thous shalt progress.","Maimonides"
"102","Start where you are. Use what you have.† Do what you can.","Arthur Ashe"
"103","When I was 5 years old, my mother always told me that happiness was the key to life.† When I went to school, they asked me what I wanted to be when I grew up.† I wrote down ëhappyí.† They told me I didnít understand the assignment, and I told them they didnít understand life.","John Lennon"
"104","Fall seven times and stand up eight.","Japanese Proverb"
"105","When one door of happiness closes, another opens, but often we look so long at the closed door that we do not see the one that has been opened for us.","Helen Keller"
"106","Everything has beauty, but not everyone can see.","Confucius"
"107","How wonderful it is that nobody need wait a single moment before starting to improve the world.","Anne Frank"
"108","When I let go of what I am, I become what I might be.","Lao Tzu"
"109","Life is not measured by the number of breaths we take, but by the moments that take our breath away.","Maya Angelou"
"110","Happiness is not something readymade.† It comes from your own actions.","Dalai Lama"
"111","If you're offered a seat on a rocket ship, don't ask what seat! Just get on.","Sheryl Sandberg"
"112","First, have a definite, clear practical ideal; a goal, an objective. Second, have the necessary means to achieve your ends; wisdom, money, materials, and methods. Third, adjust all your means to that end.","Aristotle"
"113","If the wind will not serve, take to the oars.","Latin Proverb"
"114","You canít fall if you donít climb.† But thereís no joy in living your whole life on the ground.","Unknown"
"115","We must believe that we are gifted for something, and that this thing, at whatever cost, must be attained.","Marie Curie"
"116","Too many of us are not living our dreams because we are living our fears.","Les Brown"
"117","Challenges are what make life interesting and overcoming them is what makes life meaningful.","Joshua J. Marine"
"118","If you want to lift yourself up, lift up someone else.","Booker T. Washington"
"119","I have been impressed with the urgency of doing. Knowing is not enough; we must apply. Being willing is not enough; we must do.","Leonardo da Vinci"
"120","Limitations live only in our minds.† But if we use our imaginations, our possibilities become limitless.","Jamie Paolinetti"
"121","You take your life in your own hands, and what happens? A terrible thing, no one to blame.","Erica Jong"
"122","Whatís money? A man is a success if he gets up in the morning and goes to bed at night and in between does what he wants to do.","Bob Dylan"
"123","I didnít fail the test. I just found 100 ways to do it wrong.","Benjamin Franklin"
"124","In order to succeed, your desire for success should be greater than your fear of failure.","Bill Cosby"
"125","A person who never made a mistake never tried anything new.","Albert Einstein"
"126","The person who says it cannot be done should not interrupt the person who is doing it.","Chinese Proverb"
"127","There are no traffic jams along the extra mile.","Roger Staubach"
"128","It is never too late to be what you might have been.","George Eliot"
"129","You become what you believe.","Oprah Winfrey"
"130","I would rather die of passion than of boredom.","Vincent van Gogh"
"131","A truly rich man is one whose children run into his arms when his hands are empty.","Unknown"
"132","It is not what you do for your children, but what you have taught them to do for themselves, that will make them successful human beings.†","Ann Landers"
"133","If you want your children to turn out well, spend twice as much time with them, and half as much money.","Abigail Van Buren"
"134","Build your own dreams, or someone else will hire you to build theirs.","Farrah Gray"
"135","The battles that count aren't the ones for gold medals. The struggles within yourself--the invisible battles inside all of us--that's where it's at.","Jesse Owens"
"136","Education costs money.† But then so does ignorance.","Sir Claus Moser"
"137","I have learned over the years that when one's mind is made up, this diminishes fear.","Rosa Parks"
"138","It does not matter how slowly you go as long as you do not stop.","Confucius"
"139","If you look at what you have in life, you'll always have more. If you look at what you don't have in life, you'll never have enough.","Oprah Winfrey"
"140","Remember that not getting what you want is sometimes a wonderful stroke of luck.","Dalai Lama"
"141","You canít use up creativity.† The more you use, the more you have.","Maya Angelou"
"142","Dream big and dare to fail.","Norman Vaughan"
"143","Our lives begin to end the day we become silent about things that matter.","Martin Luther King Jr."
"144","Do what you can, where you are, with what you have.","Teddy Roosevelt"
"145","If you do what youíve always done, youíll get what youíve always gotten.","Tony Robbins"
"146","Dreaming, after all, is a form of planning.","Gloria Steinem"
"147","It's your place in the world; it's your life. Go on and do all you can with it, and make it the life you want to live.","Mae Jemison"
"148","You may be disappointed if you fail, but you are doomed if you don't try.","Beverly Sills"
"149","Remember no one can make you feel inferior without your consent.","Eleanor Roosevelt"
"150","Life is what we make it, always has been, always will be.","Grandma Moses"
"151","The question isnít who is going to let me; itís who is going to stop me.","Ayn Rand"
"152","When everything seems to be going against you, remember that the airplane takes off against the wind, not with it.","Henry Ford"
"153","Itís not the years in your life that count. Itís the life in your years.","Abraham Lincoln"
"154","Change your thoughts and you change your world.","Norman Vincent Peale"
"155","Either write something worth reading or do something worth writing.","Benjamin Franklin"
"156","Nothing is impossible, the word itself says, ìIím possible!î","Audrey Hepburn"
"157","The only way to do great work is to love what you do.","Steve Jobs"
"158","If you can dream it, you can achieve it.","Zig Ziglar"
"159","We are what we repeatedly do. Excellence, therefore, is not an act but a habit.","Aristotle"
"160","The best way out is always through.","Robert Frost"
"161","Do not wait to strike till the iron is hot; but make it hot by striking.","William B. Sprague"
"162","Great spirits have always encountered violent opposition from mediocre minds.","Albert Einstein"
"163","Whether you think you can or think you canít, youíre†right.","Henry Ford"
"164","I know for sure that what we dwell on is who we become.","Oprah Winfrey"
"165","Iíve missed more than 9000 shots in my career. Iíve lost almost 300 games. 26 times, Iíve been trusted to take the game winning shot and missed. Iíve failed over and over and over again in my life. And that is why I succeed.","Michael Jordan"
"166","You must be the change you want to see in the world.","Mahatma Gandhi"
"167","What you get by achieving your goals is not as important as what you become by achieving your goals.","Goethe"
"168","You can get everything in life you want if you will just help enough other people get what they want.","Zig Ziglar"
"169","Whatever you do will be insignificant, but it is very important that you do it.","Mahatma Gandhi"
"170","Desire is the starting point of all achievement, not a hope, not a wish, but a keen pulsating desire which transcends everything.","Napoleon Hill"
"171","Failure is the condiment that gives success its flavor.","Truman Capote"
"172","Vision without action is daydream. Action without vision is nightmare.","Japanese Proverb"
"173","In any situation, the best thing you can do is the right thing; the next best thing you can do is the wrong thing; the worst thing you can do is nothing.","Theodore Roosevelt"
"174","If you keep saying things are going to be bad, you have a chance of being a prophet.","Isaac B. Singer"
"175","Success consists of doing the common things of life uncommonly well.","Unknown"
"176","Keep on going and the chances are you will stumble on something, perhaps when you are least expecting it. I have never heard of anyone stumbling on something sitting down.","Charles F. Kettering"
"177","Twenty years from now you will be more disappointed by the things that you didnít do than by the ones you did do. So throw off the bowlines. Sail away from the safe harbor. Catch the trade winds in your sails. Explore. Dream. Discover.","Mark Twain"
"178","Losers visualize the penalties of failure. Winners visualize the rewards of success.","Unknown"
"179","Some succeed because they are destined. Some succeed because they are determined.","Unknown"
"180","Experience is what you get when you donít get what you want.","Dan Stanford"
"181","Setting an example is not the main means of influencing others; it is the only means.","Albert Einstein"
"182","A happy person is not a person in a certain set of circumstances, but rather a person with a certain set of attitudes.","Hugh Downs"
"183","If youíre going to be able to look back on something and laugh about it, you might as well laugh about it now.","Marie Osmond"
"184","Remember that happiness is a way of travel, not a destination.","Roy Goodman"
"185","If you want to test your memory, try to recall what you were worrying about one year ago today.","E. Joseph Cossman"
"186","What lies behind us and what lies before us are tiny matters compared to what lies within us.","Ralph Waldo Emerson"
"187","We judge of manís wisdom by his hope.","Ralph Waldo Emerson"
"188","The best way to cheer yourself up is to try to cheer somebody else up.","Mark Twain"
"189","Age is an issue of mind over matter. If you donít mind, it doesnít matter.","Mark Twain"
"190","Whenever you find yourself on the side of the majority, itís time to pause and reflect.","Mark Twain"
"191","Keep away from people who try to belittle your ambitions. Small people always do that, but the really great make you feel that you, too, can become great.","Mark Twain"
"192","The surest way not to fail is to determine to succeed.","Richard B. Sheridan"
"193","Take the first step in faith. You donít have to see the whole staircase, just take the first step.î","Dr. Martin Luther King Jr."
"194","ìAct or accept.î","Anonymous"
"195","Many great ideas go unexecuted, and many great executioners are without ideas. One without the other is worthless.","Tim Blixseth"
"196","The world is more malleable than you think and itís waiting for you to hammer it into shape.","Bono"
"197","Sometimes you just got to give yourself what you wish someone else would give you.","Dr Phil"
"198","Motivation is a fire from within. If someone else tries to light that fire under you, chances are it will burn very briefly.","Stephen R. Covey"
"199","People become really quite remarkable when they start thinking that they can do things. When they believe in themselves they have the first secret of success.","Norman Vincent Peale"
"200","Whenever you find whole world against you just turn around and lead the world.","Anonymous"
"201","Being defeated is only a temporary condition; giving up is what makes it permanent.","Marilyn vos Savant"
"202","I canít understand why people are frightened by new ideas. Iím frightened by old ones.","John Cage"
"203","Fall down seven times, get up eight.
-¬†Japanese Proverb",NA
"204","The difference between ordinary and extraordinary is that little extra.","Unknown"
"205","The best way to predict the future is to create it.","Unknown"
"206","Anyone can do something when they WANT to do it. Really successful people do things when they donít want to do it.","Dr. Phil"
"207","There are two primary choices in life: to accept conditions as they exist, or accept the responsibility for changing them.","Dr. Denis Waitley"
"208","Success is the ability to go from failure to failure without losing your enthusiasm.","Sir Winston Churchill"
"209","Success seems to be connected with action. Successful people keep moving. They make mistakes but donít quit.","Conrad Hilton"
"210","Attitudes are contagious. Make yours worth catching.","Unknown"
"211","Do not let what you cannot do interfere with what you can do.","John Wooden"
"212","There are only two rules for being successful. One, figure out exactly what you want to do, and two, do it.","Mario Cuomo"
"213","Sooner or later, those who win are those who think they can.","Richard Bach"
"214","Vision doesnít usually come as a lightening bolt. Rather it comes as a slow crystallization of life challenges that we one day recognize as a beautiful diamond with great value to ourselves and others.","Dr. Michael Norwood"
"215","Success is a state of mind. If you want success, start thinking of yourself as a success.","Dr. Joyce Brothers"
"216","Ever tried. Ever failed. No matter. Try Again. Fail again. Fail better.","Samuel Beckett"
"217","Flops are a part of lifeís menu and Iíve never been a girl to miss out on any of the courses.","Rosalind Russell"
"218","Cause Change & Lead
Accept Change & Survive
Resist Change & Die",NA
"219","Winners lose much more often than losers. So if you keep losing but youíre still trying, keep it up! Youíre right on track.","Matthew Keith Groves"
"220","An idea can turn to dust or magic, depending on the talent that rubs against it.","Bill Bernbach"
"221","An obstacle is often a stepping stone.","Prescott"
"222","Life is ìtrying things to see if they workî
Ray Bradbury",NA
"223","If you worry about yesterdayís failures, then todayís successes will be few.
Anonymous",NA
"224","Life is 10% what happens to us and 90% how we react to it.
Dennis P. Kimbro",NA
"225","We are all inventors, each sailing out on a voyage of discovery, guided each by a private chart, of which there is no duplicate. The world is all gates, all opportunities.
Ralph Waldo Emerson",NA
"226","Knowing is not enough; we must apply. Willing is not enough; we must do.
Johann Wolfgang von Goethe",NA
"227","In matters of style, swim with the current;†in matters of principle, stand like a rock.
Thomas Jefferson",NA
"228","I think and think for months and years. Ninety-nine times, the conclusion is false. The hundredth time I am right.
Albert Einstein",NA
"229","Where the willingness is great, the difficulties cannot be great.
Machiavelli.",NA
"230","Strength does not come from physical capacity. It comes from an indomitable will.
Mahatma Gandhi",NA
"231","ìYou are what you think about all day long.î ó Dr. Robert Schuller",NA
"232","What you do speaks so loudly that I cannot hear what you sayî ó Ralph Waldo Emersonî",NA
"233","Success is not to be measured by the position someone has reached in life, but the obstacles he has overcome while trying to succeed.
Booker T. Washington",NA
"234","ìTalent is formed in solitude, character in the bustle of the world.î","Johann Wolfgang von Goethe"
"235","To avoid criticism do nothing, say nothing, be nothing.","Elbert Hubbard"
"236","If you want to make your dreams come true, the first thing you have to do is wake up.","J.M. Power"
"237","By working faithfully eight hours a day you may eventually get to be boss and work twelve hours a day","Robert Frost"
"238","Iíve learned that no matter what happens, or how bad it seems today, life does go on, and it will be better tomorrow.ù","Maya Angelou"
"239","The art of being wise is the art of knowing what to overlook.","William James"
"240","When I hear somebody sigh, ëLife is hard,í I am always tempted to ask, ëCompared to what?ù","Sydney Harris"
"241","Donít let life discourage you; everyone who got where he is had to begin where he was. ù","Richard L. Evans"
"242","In three words I can sum up everything Iíve learned about life: It goes on.","Robert Frost"
"243","You gain strength, courage and confidence by every experience in which you stop to look fear in the face.","Eleanor Roosevelt"
"244","Sometimes even to live is an act of courage.","Seneca"
"245","Do first things first, and second things not at all.","Peter Drucker."
"246","The only people who find what they are looking for in life are the fault finders.","Fosterís Law"
"247","Defeat is not bitter unless you swallow it.","Joe Clark"
"248","I am an optimist. It does not seem too much use being anything else.","Winston Churchill"
"249","Positive anything is better than negative thinking.
-¬†Elbert Hubbard",NA
"250","People seem not to see that their opinion of the world is also a confession of character.
-¬†Ralph Waldo Emerson",NA
"251","Those who wish to sing, always find a song.
-¬†Swedish Proverb",NA
"252","If youíre going through hell, keep going.
-¬†Winston Churchill",NA
"253","The sun shines and warms and lights us and we have no curiosity to know why this is so; but we ask the reason of all evil, of pain, and hunger, and mosquitoes and silly people.
-¬†Ralph Waldo Emerson",NA
"254","Life is a shipwreck but we must not forget to sing in the lifeboats.
-¬†Voltaire",NA
"255","Enduring habits I hateÖ. Yes, at the very bottom of my soul I feel grateful to all my misery and bouts of sickness and everything about me that is imperfect, because this sort of thing leaves me with a hundred backdoors through which I can escape from enduring habits.","Friedrich Nietzsche"
"256","There is no education like adversity.","Disraeli"
"257","He who has a why to live can bear almost any how.","Friedrich Nietzsche"
"258","Adversity introduces a man to himself.","Author Unknown"
"259","The secret to life is meaningless unless you discover it yourself.","W. Somerset Maugham"
"260","Have the passion, take the action & magic will happen.","Bar Rafaeli"
"261","If youíve got it. use it. If you donít got it, then get it!","Reader submitted"
"262","Son, if you donít have time to do it right, when will you have time to redo it?","Readerís grandfather said this"
"263","Faith held solely is the begining of action.","Reader submitted"
"264","Positivity is all about overlooking the negative fact.","Reader submitted"
"265","Life is all about up and doing.","Reader submitted"
"266","You will never get lessons on swimming from a drowning man!","Reader submitted"
"267","Life is not about ALL the wrong moves you made, Life is about the one right move that made ALL the difference.","James Lockhart"
"268","Be humble enough to admit youíre not perfect, but determined enough to strive to be perfect.","Babsie Burke"
"269","If you canít sleep do not count the sheep, worship the Shepherd.","Babsie Burke"
"270","Life is a journey, its not a race. Walk through it.","Reader submitted"
"271","Everything happens for a reason, you only need to keep on editing your attitude and gratitude so as to sail through.","Reader submitted"
"272","The measure of who we are is what we do with what we have.","Reader submitted"
"273","Love cannot be etched on paper for paper can be shredded, love cannot be etched on stone for stone can be broken, but love can be etched on the soul for the soul never dies.",NA
"274","Our greatest glory is not in never falling, but in rising every time we fall. ó Confucius",NA
"275","All our dreams can come true, if we have the courage to pursue them.","Walt Disney"
"276","It does not matter how slowly you go as long as you do not stop.","Confucius"
"277","Everything youíve ever wanted is on the other side of fear. ó George Addair",NA
"278","Success is not final, failure is not fatal: it is the courage to continue that counts.","Winston Churchill"
"279","Hardships often prepare ordinary people for an extraordinary destiny.","C.S. Lewis"
"280","Believe in yourself. You are braver than you think, more talented than you know, and capable of more than you imagine. <U+2015> Roy T. Bennett",NA
"281","I learned that courage was not the absence of fear, but the triumph over it. The brave man is not he who does not feel afraid, but he who conquers that fear.","Nelson Mandela"
"282","There is only one thing that makes a dream impossible to achieve: the fear of failure. <U+2015> Paulo Coelho",NA
"283","Itís not whether you get knocked down. Itís whether you get up.","Vince Lombardi"
"284","Your true success in life begins only when you make the commitment to become excellent at what you do. ó Brian Tracy",NA
"285","Believe in yourself, take on your challenges, dig deep within yourself to conquer fears. Never let anyone bring you down. You got to keep going.","Chantal Sutherland"
"286","Definiteness of purpose is the starting point of all achievement.","W. Clement Stone"
"287","Too many of us are not living our dreams because we are living our fears.","Les Brown"
"288","If you believe it will work out, youíll see opportunities. If you believe it wonít, you will see obstacles.","Wayne Dyer"
"289","Permanence, perseverance and persistence in spite of all obstacles, discouragements, and impossibilities: It is this, that in all things distinguishes the strong soul from the weak.","Thomas Carlyle"
"290","Success means doing the best we can with what we have. Success is the doing, not the getting; in the trying, not the triumph. Success is a personal standard, reaching for the highest that is in us, becoming all that we can be.","Zig Ziglar"
"291","If you set goals and go after them with all the determination you can muster, your gifts will take you places that will amaze you.","Les Brown"
"292","Hard times donít create heroes. It is during the hard times when the ëheroí within us is revealed.","Bob Riley"
"293","Believe you can and youíre halfway there. ó Theodore Roosevelt",NA
"294","Your mind is a powerful thing. When you fill it with positive thoughts, your life will start to change.","Unknown"
"295","Start by doing whatís necessary; then do whatís possible; and suddenly you are doing the impossible.","Francis of Assisi"
"296","I attribute my success to this: I never gave or took any excuse.","Florence Nightingale"
"297","Whatever you hold in your mind on a consistent basis is exactly what you will experience in your life. <U+2015> Tony Robbins",NA
"298","Most of the important things in the world have been accomplished by people who have kept on trying when there seemed to be no hope at all. ó Dale Carnegie",NA
"299","Strength does not come from physical capacity. It comes from an indomitable will.","Mahatma Gandhi"
"300","Perseverance is the hard work you do after you get tired of doing the hard work you already did.","Newt Gingrich"
"301","The future belongs to those who believe in the beauty of their dreams","Franklin D. Roosevelt"
"302","I am not a product of my circumstances. I am a product of my decisions. ó Stephen Covey",NA
"303","Donít be pushed around by the fears in your mind. Be led by the dreams in your heart. <U+2015> Roy T. Bennett",NA
"304","Youíre going to go through tough times","thatís life. But I say, ëNothing happens to you, it happens for you.í See the positive in negative events."
"305","Character cannot be developed in ease and quiet. Only through experience of trial and suffering can the soul be strengthened, ambition inspired, and success achieved.","Helen Keller"
"306","If you can tune into your purpose and really align with it, setting goals so that your vision is an expression of that purpose, then life flows much more easily. <U+2015> Jack Canfield",NA
"307","Whatever the mind can conceive and believe, it can achieve. <U+2015> Napoleon Hill",NA
"308","Donít wish it were easier. Wish you were better. <U+2015> Jim Rohn",NA
"309","It is during our darkest moments that we must focus to see the light. ó Aristotle Onassis",NA
"310","Itís not about perfect. Itís about effort. And when you bring that effort every single day, thatís where transformation happens. Thatís how change occurs.","Jillian Michaels"
"311","Success is no accident. It is hard work, perseverance, learning, studying, sacrifice and most of all, love of what you are doing or learning to do.","Pele"
"312","Strength doesnít come from what you can do. It comes from overcoming the things you once thought you couldnít.","Rikki Rogers"
"313","Learn from the past, set vivid, detailed goals for the future, and live in the only moment of time over which you have any control: now.","Denis Waitley"
"314","We donít develop courage by being happy every day. We develop it by surviving difficult times and challenging adversity.","Barbara De Angelis"
"315","Fortune always favors the brave, and never helps a man who does not help himself.","P. T. Barnum"
"316","Go confidently in the direction of your dreams. Live the life you have imagined. ñHenry David Thoreau",NA
"317","If you can dream it, then you can achieve it. You will get all you want in life if you help enough other people get what they want.","Zig Ziglar"
"318","The only person you are destined to become is the person you decide to be. óRalph Waldo Emerson",NA
"319","Perfection is not attainable, but if we chase perfection we can catch excellence. ó Vince Lombardi",NA
"320","Life is 10% what happens to you and 90% how you react to it.","Charles R. Swindoll"
"321","If you donít like something, change it. If you canít change it, change your attitude.","Maya Angelou"
"322","You control your future, your destiny. What you think about comes about. By recording your dreams and goals on paper, you set in motion the process of becoming the person you most want to be. Put your future in good hands","your own."
"323","Failure will never overtake me if my determination to succeed is strong enough.","Og Mandino"
"324","Inaction breeds doubt and fear. Action breeds confidence and courage. If you want to conquer fear, do not sit home and think about it. Go out and get busy.","Dale Carnegie"
"325","Limitations live only in our minds. But if we use our imaginations, our possibilities become limitless. óJamie Paolinetti",NA
"326","Setting goals is the first step into turning the invisible into the visible.","Tony Robbins"
"327","Success means doing the best we can with what we have. Success is the doing, not the getting; in the trying, not the triumph. Success is a personal standard, reaching for the highest that is in us, becoming all that we can be.","Zig Ziglar"
"328","Only those who dare to fail greatly can ever achieve greatly. <U+2015> Robert F. Kennedy",NA
"329","Remember that not getting what you want is sometimes a wonderful stroke of luck. óDalai Lama",NA
"330","Staying positive does not mean that things will turn out okay. Rather it is knowing that you will be okay no matter how things turn out.","Unknown"
"331","You gain strength, courage, and confidence by every experience in which you really stop to look fear in the face. You are able to say to yourself, ëI lived through this horror. I can take the next thing that comes along.","Eleanor Roosevelt"
"332","No matter how hard times may get, always hold your head up and be strong; show them youíre not as weak as they think you are.","Unknown"
"333","We may encounter many defeats but we must not be defeated.","Maya Angelou"
"334","Twenty years from now you will be more disappointed by the things you didnít do than by the things you did.","Mark Twain"
"335","Believe in yourself! Have faith in your abilities! Without a humble but reasonable confidence in your own powers you cannot be successful or happy.","Norman Vincent Peale"
"336","In order to carry a positive action we must develop here a positive vision. ó Dalai Lama",NA
"337","Your time is limited, so donít waste it living someone elseís life.","Steve Jobs"
"338","Be so happy that when others look at you they become happy too.","Unknown"
"339","Challenges are what make life interesting and overcoming them is what makes life meaningful.","Joshua Marine"
"340","I never dreamed about success. I worked for it.","Estee Lauder"
"341","You cannot afford to live in potential for the rest of your life; at some point, you have to unleash the potential and make your move.","Eric Thomas"
"342","It is never too late to be what you might have been.","George Eliot"
"343","There is no greater disability in society than the inability to see a person as more.","Robert M. Hensel"
"344","The best way to gain self-confidence is to do what you are afraid to do.","Swati Sharma"
"345","When obstacles arise, you change your direction to reach your goal, you do not change your decision to get there.","Zig Ziglar"
"346","The Secret of Change Is to Focus All of Your Energy, Not on Fighting the Old, But on Building the New","Socrates"
"347","The pessimist sees difficulty in every opportunity. The optimist sees opportunity in every difficulty.","Winston Churchill"
"348","You will never find time for anything. If you want time you must make it.","Charles Buxton"
"349","The greatest danger for most of us is not that our aim is too high and we miss it, but that it is too low and we reach it.","Michaelangelo"
"350","The two most important days in your life are the day you are born and the day you find out why.","Mark Twain"
"351","Free yourself from your past mistakes, by forgiving yourself for what you have done or went through. Every day is another chance to start over.","Unknown"
"352","Embrace The Journey",NA
"353","Keep A Positive Mind & Healthy Body",NA
"354","Practice Gratitude",NA
"355","If you want to achieve greatness stop asking for permission.","Anonymous"
"356","Things work out best for those who make the best of how things work out.","John Wooden"
"357","To live a creative life, we must lose our fear of being wrong.","Anonymous"
"358","If you are not willing to risk the usual you will have to settle for the ordinary.","Jim Rohn"
"359","Trust because you are willing to accept the risk, not because it's safe or certain.","Anonymous"
"360","Take up one idea. Make that one idea your life - think of it, dream of it, live on that idea. Let the brain, muscles, nerves, every part of your body, be full of that idea, and just leave every other idea alone. This is the way to success.","Swami Vivekananda"
"361","All our dreams can come true if we have the courage to pursue them.","Walt Disney"
"362","Good things come to people who wait, but better things come to those who go out and get them.","Anonymous"
"363","If you do what you always did, you will get what you always got.","Anonymous"
"364","Success is walking from failure to failure with no loss of enthusiasm.","Winston Churchill"
"365","Just when the caterpillar thought the world was ending, he turned into a butterfly.","Proverb"
"366","Successful entrepreneurs are givers and not takers of positive energy.","Anonymous"
"367","Whenever you see a successful person you only see the public glories, never the private sacrifices to reach them.","Vaibhav Shah"
"368","Opportunities don't happen, you create them.","Chris Grosser"
"369","Try not to become a person of success, but rather try to become a person of value.","Albert Einstein"
"370","Great minds discuss ideas; average minds discuss events; small minds discuss people.","Eleanor Roosevelt"
"371","I have not failed. I've just found 10,000 ways that won't work.","Thomas A. Edison"
"372","If you don't value your time, neither will others. Stop giving away your time and talents- start charging for it.","Kim Garst"
"373","A successful man is one who can lay a firm foundation with the bricks others have thrown at him.","David Brinkley"
"374","No one can make you feel inferior without your consent.","Eleanor Roosevelt"
"375","The whole secret of a successful life is to find out what is one's destiny to do, and then do it.","Henry Ford"
"376","If you're going through hell keep going.","Winston Churchill"
"377","The ones who are crazy enough to think they can change the world, are the ones that do.","Anonymous"
"378","Don't raise your voice, improve your argument.","Anonymous"
"379","What seems to us as bitter trials are often blessings in disguise.~ Oscar Wilde",NA
"380","The meaning of life is to find your gift. The purpose of life is to give it away.","Anonymous"
"381","The distance between insanity and genius is measured only by success.","Bruce Feirstein"
"382","When you stop chasing the wrong things you give the right things a chance to catch you.","Lolly Daskal"
"383","Don't be afraid to give up the good to go for the great.","John D. Rockefeller"
"384","No masterpiece was ever created by a lazy artist.~ Anonymous",NA
"385","Happiness is a butterfly, which when pursued, is always beyond your grasp, but which, if you will sit down quietly, may alight upon you.","Nathaniel Hawthorne"
"386","If you can't explain it simply, you don't understand it well enough.","Albert Einstein"
"387","Blessed are those who can give without remembering and take without forgetting.","Anonymous"
"388","Do one thing every day that scares you.","Anonymous"
"389","What's the point of being alive if you don't at least try to do something remarkable.","Anonymous"
"390","Life is not about finding yourself. Life is about creating yourself.","Lolly Daskal"
"391","Nothing in the world is more common than unsuccessful people with talent.","Anonymous"
"392","Knowledge is being aware of what you can do. Wisdom is knowing when not to do it.","Anonymous"
"393","Your problem isn't the problem. Your reaction is the problem.","Anonymous"
"394","You can do anything, but not everything.","Anonymous"
"395","Innovation distinguishes between a leader and a follower.","Steve Jobs"
"396","There are two types of people who will tell you that you cannot make a difference in this world: those who are afraid to try and those who are afraid you will succeed.","Ray Goforth"
"397","Thinking should become your capital asset, no matter whatever ups and downs you come across in your life.","Dr. APJ Kalam"
"398","I find that the harder I work, the more luck I seem to have.","Thomas Jefferson"
"399","The starting point of all achievement is desire.","Napolean Hill"
"400","Success is the sum of small efforts, repeated day-in and day-out.","Robert Collier"
"401","If you want to achieve excellence, you can get there today. As of this second, quit doing less-than-excellent work.","Thomas J. Watson"
"402","All progress takes place outside the comfort zone.","Michael John Bobak"
"403","You may only succeed if you desire succeeding; you may only fail if you do not mind failing.","Philippos"
"404","Courage is resistance to fear, mastery of fear - not absense of fear.","Mark Twain"
"405","Only put off until tomorrow what you are willing to die having left undone.","Pablo Picasso"
"406","People often say that motivation doesn't last. Well, neither does bathing - that's why we recommend it daily.","Zig Ziglar"
"407","We become what we think about most of the time, and that's the strangest secret.","Earl Nightingale"
"408","The only place where success comes before work is in the dictionary.","Vidal Sassoon"
"409","The best reason to start an organization is to make meaning; to create a product or service to make the world a better place.","Guy Kawasaki"
"410","I find that when you have a real interest in life and a curious life, that sleep is not the most important thing.","Martha Stewart"
"411","It's not what you look at that matters, it's what you see.","Anonymous"
"412","The road to success and the road to failure are almost exactly the same.","Colin R. Davis"
"413","The function of leadership is to produce more leaders, not more followers.","Ralph Nader"
"414","Success is liking yourself, liking what you do, and liking how you do it.","Maya Angelou"
"415","As we look ahead into the next century, leaders will be those who empower others.","Bill Gates"
"416","A real entrepreneur is somebody who has no safety net underneath them.","Henry Kravis"
"417","The first step toward success is taken when you refuse to be a captive of the environment in which you first find yourself.","Mark Caine"
"418","People who succeed have momentum. The more they succeed, the more they want to succeed, and the more they find a way to succeed. Similarly, when someone is failing, the tendency is to get on a downward spiral that can even become a self-fulfilling prophecy.","Tony Robbins"
"419","When I dare to be powerful - to use my strength in the service of my vision, then it becomes less and less important whether I am afraid.","Audre Lorde"
"420","Whenever you find yourself on the side of the majority, it is time to pause and reflect.","Mark Twain"
"421","The successful warrior is the average man, with laser-like focus.","Bruce Lee"
"422","Take up one idea. Make that one idea your life -- think of it, dream of it, live on that idea. Let the brain, muscles, nerves, every part of your body, be full of that idea, and just leave every other idea alone. This is the way to success.","Swami Vivekananda"
"423","Develop success from failures. Discouragement and failure are two of the surest stepping stones to success.","Dale Carnegie"
"424","If you don't design your own life plan, chances are you'll fall into someone else's plan. And guess what they have planned for you? Not much.","Jim Rohn"
"425","If you genuinely want something, don't wait for it -- teach yourself to be impatient.","Gurbaksh Chahal"
"426","Don't let the fear of losing be greater than the excitement of winning.","Robert Kiyosaki"
"427","If you want to make a permanent change, stop focusing on the size of your problems and start focusing on the size of you!","T. Harv Eker"
"428","You can't connect the dots looking forward; you can only connect them looking backwards. So you have to trust that the dots will somehow connect in your future. You have to trust in something - your gut, destiny, life, karma, whatever. This approach has never let me down, and it has made all the difference in my life.","Steve Jobs"
"429","Successful people do what unsuccessful people are not willing to doDon't wish it were easier, wish you were better.","Jim Rohn"
"430","The number one reason people fail in life is because they listen to their friends, family, and neighbors.","Napoleon Hill"
"431","The reason most people never reach their goals is that they don't define them, or ever seriously consider them as believable or achievable. Winners can tell you where they are going, what they plan to do along the way, and who will be sharing the adventure with them.","Denis Watiley"
"432","In my experience, there is only one motivation, and that is desire. No reasons or principle contain it or stand against it.","Jane Smiley"
"433","Success does not consist in never making mistakes but in never making the same one a second time.","George Bernard Shaw"
"434","I don't want to get to the end of my life and find that I lived just the length of it. I want to have lived the width of it as well.","Diane Ackerman"
"435","You must expect great things of yourself before you can do them.","Michael Jordan"
"436","Motivation is what gets you started. Habit is what keeps you going.","Jim Ryun"
"437","People rarely succeed unless they have fun in what they are doing.","Dale Carnegie"
"438","There is no chance, no destiny, no fate, that can hinder or control the firm resolve of a determined soul.","Ella Wheeler Wilcox"
"439","Our greatest fear should not be of failure but of succeeding at things in life that don't really matter.","Francis Chan"
"440","You've got to get up every morning with determination if you're going to go to bed with satisfaction.","George Lorimer"
"441","To be successful you must accept all challenges that come your way. You can't just accept the ones you like.","Mike Gafka"
"442","Success is...knowing your purpose in life, growing to reach your maximum potential, and sowing seeds that benefit others.","John C. Maxwell"
"443","Be miserable. Or motivate yourself. Whatever has to be done, it's always your choice.","Wayne Dyer"
"444","To accomplish great things, we must not only act, but also dream, not only plan, but also believe.~ Anatole France",NA
"445","Most of the important things in the world have been accomplished by people who have kept on trying when there seemed to be no help at all.","Dale Carnegie"
"446","You measure the size of the accomplishment by the obstacles you had to overcome to reach your goals.","Booker T. Washington"
"447","Real difficulties can be overcome; it is only the imaginary ones that are unconquerable.","Theodore N. Vail"
"448","It is better to fail in originality than to succeed in imitation.","Herman Melville"
"449","Fortune sides with him who dares.","Virgil"
"450","Little minds are tamed and subdued by misfortune; but great minds rise above it.","Washington Irving"
"451","Failure is the condiment that gives success its flavor.","Truman Capote"
"452","Don't let what you cannot do interfere with what you can do.","John R. Wooden"
"453","You may have to fight a battle more than once to win it.","Margaret Thatcher"
"454","A man can be as great as he wants to be. If you believe in yourself and have the courage, the determination, the dedication, the competitive drive and if you are willing to sacrifice the little things in life and pay the price for the things that are worthwhile, it can be done.","Vince Lombardi"
"455","People often say that motivation doesn't last. Well, neither does bathing -- that's why we recommend it daily","Zig Ziglar"
"456","Someday is not a day of the week","Denise Brennan-Nelson"
"457","Hire character. Train skill","Peter Schutz"
"458","Your time is limited, so don't waste it living someone else's life","Steve Jobs"
"459","Sales are contingent upon the attitude of the salesman -- not the attitude of the prospect","W. Clement Stone"
"460","Everyone lives by selling something","Robert Louis Stevenson"
"461","If you are not taking care of your customer, your competitor will","Bob Hooey"
"462","The golden rule for every businessman is this: Put yourself in your customer's place","Orison Swett Marden"
"463","If you cannot do great things, do small things in a great way","Napoleon Hill"
"464","The best leaders are those most interested in surrounding themselves with assistants and associates smarter than they are. They are frank in admitting this and are willing to pay for such talents","Antos Parrish"
"465","Beware of monotony; itís the mother of all the deadly sins","Edith Wharton"
"466","Nothing is really work unless you would rather be doing something else","J.M. Barrie"
"467","Without a customer, you donít have a business -- all you have is a hobby","Don Peppers"
"468","To be most effective in sales today, it's imperative to drop your 'sales' mentality and start working with your prospects as if they've already hired you","Jill Konrath"
"469","Pretend that every single person you meet has a sign around his or her neck that says, 'Make me feel important.' Not only will you succeed in sales, you will succeed in life","Mary Kay Ash"
"470","It's not just about being better. It's about being different. You need to give people a reason to choose your business","Tom Abbott"
"471","Being good in business is the most fascinating kind of art. Making money is art and working is art and good business is the best art","Andy Warhol"
"472","Be patient with yourself. Self-growth is tender; itís holy ground. Thereís no greater investment","Stephen Covey"
"473","Without hustle, talent will only carry you so far","Gary Vaynerchuk"
"474","Working hard for something we don't care about is called stressed; working hard for something we love is called passion","Simon Sinek"
"475","Iíd rather regret the things Iíve done than regret the things I havenít done","Lucille Ball"
"476","I didnít get there by wishing for it or hoping for it, but by working for it","EstÈe Lauder"
"477","Always do your best. What you plant now, you will harvest later","Og Mandino"
"478","The key to life is accepting challenges. Once someone stops doing this, heís dead","Bette Davis"
"479","Move out of your comfort zone. You can only grow if you are willing to feel awkward and uncomfortable when you try something new","Brian Tracy"
"480","Challenges are what make life interesting and overcoming them is what makes life meaningful","Joshua J. Marine"
"481","Don't let the fear of losing be greater than the excitement of winning","Robert Kiyosaki"
"482","How dare you settle for less when the world has made it so easy for you to be remarkable","Seth Godin"
"483","Energy and persistence conquer all things","Benjamin Franklin"
"484","Perseverance is failing 19 times and succeeding the 20th","Julie Andrews"
"485","Grit is that ëextra somethingí that separates the most successful people from the rest. Itís the passion, perseverance, and stamina that we must channel in order to stick with our dreams until they become a reality","Travis Bradberry"
"486","Failure after long perseverance is much grander than never to have a striving good enough to be called a failure","George Eliot"
"487","The secret of joy in work is contained in one word -- excellence. To know how to do something well is to enjoy it","Pearl Buck"
"488","Develop success from failures. Discouragement and failure are two of the surest stepping stones to success","Dale Carnegie"
"489","Action is the foundational key to all success","Pablo Picasso"
"490","The ladder of success is best climbed by stepping on the rungs of opportunity","Ayn Rand"
"491","Formula for success: rise early, work hard, strike oil","J. Paul Getty"
"492","The difference between a successful person and others is not a lack of strength, not a lack of knowledge, but rather a lack of will","Vince Lombardi"
"493","Obstacles are those frightful things you see when you take your eyes off your goal","Henry Ford"
"494","It is your determination and persistence that will make you a successful person","Kenneth J Hutchins"
"495","You can waste your lives drawing lines. Or you can live your life crossing them","Shonda Rhimes"
"496","Determine that the thing can and shall be done, and then we shall find the way","Abraham Lincoln"
"497","Done is better than perfect","Sheryl Sandberg"
"498","If all you can do is crawl, start crawling. ","Rumi "
"499","Opportunity does not knock, it presents itself when you beat down the door. ","Kyle Chandler "
"500","If we did the things we are capable of, we would astound ourselves.","Thomas Edison"
"501","There is no man living that can not do more than he thinks he can.","Henry Ford"
"502","Never give up on something that you canít go a day without thinking about.","Winston Churchill"
"503","Most people are other people. Their thoughts are someone elses opinions, their lives a mimicry, their passions a quotation.","Oscar Wilde"
"504","Man cannot remake himself without suffering for he is both the marble and the sculptor. ","Alexis Carrel"
"505","A creative man is motivated by the desire to achieve, not by the desire to beat others. ","Ayn Rand "
"506","It is never too late to be what you might have been. ","George Eliot "
"507","Being defeated is often a temporary condition. Giving up is what makes it permanent. ","Marilyn Vos Savant "
"508","All our dreams can come trueñif we have the courage to pursue them.","Walt Disney"
"509","If youíre going through hell, keep going.","Winston Churchill"
"510","The greatest pleasure in life is doing what people say you cannot do.","Walter Bagehot"
"511","Enjoy the little things, for one day you may look back and realize they were the big things.","Robert Brault"
"512","You can never cross the ocean until you have the courage to lose sight of the shore.","Christopher Columbus"
"513","How wonderful it is that nobody need wait a single moment before beginning to improve the world.","Anne Frank"
"514","Change your thoughts and you change your world.","Norman Vincent Peale"
"515","Your time is limited, so donít waste it living someone elseís life.","Steve Jobs"
"516","We enjoy warmth because we have been cold. We appreciate light because we have been in darkness. By the same token, we can experience joy because we have known sorrow.","David L. Weatherford"
"517","The woods are lovely, dark and deep. But I have promises to keep, And miles to go before I sleep, And miles to go before I sleep.","Robert Frost"
"518","The most common way people give up their power is by thinking they donít have any. ","Alice Walker "
"519","Without ambition, one starts nothing. Without work, one finishes nothing. The prize will not be sent to you. You have to win it. ","Ralph Waldo Emerson"
"520","The best revenge is massive success. ","Frank Sinatra "
"521","Whatever the mind can conceive and believe, it can achieve.","Napoleon Hill"
"522","Dreams come true. Without that possibility, nature would not incite us to have them.","John Updike"
"523"," If you donít like how things are, change it! Youíre not a tree.","Jim Rohn "
"524","Everybody is a genius. But if you judge a fish by its ability to climb a tree, it will live its whole life believing that it is stupid.","Albert Einstein"
"525","The future belongs to those who believe in the beauty of their dreams.","Eleanor Roosevelt"
"526","We all have bad days, but one thing is true; no cloud is so dark that the sun canít shine through. ","Miranda Kerr"
"527","Donít fear failure, in great attempts it is glorious even to fail. ","Bruce Lee "
"528","There are no shortcuts to any place worth going.","Beverly Sills"
"529","You will face many defeats in your life, but never let yourself be defeated. ","Maya Angelou "
"530","The secret to getting ahead  is getting started. ","Mark Twain "
"531","If you donít run your own life, somebody else will.","John Atkinson"
"532","Learn the rules so you know how to break them properly.","Dalai Lama"
"533","A mediocre person tells. A good person explains. A superior person demonstrates. A great person inspires others to see for themselves.","Harvey MacKay"
"534","Act as if what you do makes a difference. It does.","William James"
"535","Happiness is the meaning and the purpose of life, the whole aim and end of human existence","Aristotle"
"536","I urge you to please notice when you are happy, and exclaim or murmur or think at some point, ìIf this isnít nice, I donít know what is.î","Kurt Vonnegut"
"537","Even if you are on the right track, youíll get run over if you just sit there. ","Will Rogers"
"538","Be proud of every scar on your heart, each one holds a lifetimes worth of lessons. ","Wallace Stegner "
"539","Never stand begging for that which you have the power to earn.","Miguel de Cervantes"
"540","You have enemies? Good. That means youíve stood up for something, sometime in your life. ","Winston Churchill "
"541","There are only two ways to live your life. One is as though nothing is a miracle. The other is as though everything is a miracle.","Albert Einstein"
"542","What you do today can improve all your tomorrows.","Ralph Marston"
"543","Live as if you were to die tomorrow. Learn as if you were to live forever.","Mahatma Gandhi"
"544","The highest reward for a personís toil is not what they get for it, but what they become by it.","John Ruskin"
"545","The difference between an optimist and a pessimist? An optimist laughs to forget but a pessimist forgets to laugh.","Tom Bodett"
"546","Keep your face always toward the sunshine and shadows will fall behind you. ","Walt Whitman "
"547","A great attitude becomes a great day which becomes a great month which becomes a great year which becomes a great life. ","Mandy Hale"
"548","Tension is who you think you should be. Relaxation is who you are.","Chinese Proverb"
"549","Goodness is the only investment that never fails.","Henry David Thoreau"
"550","To hell with circumstances; I create opportunities. ","Bruce Lee "
"551","Although the world is full of suffering, it is full also of the overcoming of it.","Hellen Keller"
"552","The only way of discovering the limits of the possible is to venture a little way past them into the impossible.","Arthur C. Clark"
"553","When it is obvious that the goals cannot be reached, donít adjust the goals, adjust the action steps. ","Confucius "
"554","Success is ability to go from failure to failure without losing your enthusiasm.","Sir Winston Churchill "
"555","The only thing in your control is effort. Thatís all, and thatís everything. ","Mark Cuban "
"556","There is a saying in Tibetan, ëTragedy should be utilized as a source of strength.í No matter what sort of difficulties, how painful experience is, if we lose our hope, thatís our real disaster. ","Dalai Lama XIV"
"557","You are never too old to set another goal or to dream a new dream. ","C.S. Lewis "
"558","We cannot put off living until we are ready. The most salient characteristic of life is its urgency, ëhere and nowí without any possible postponement. Life is fired at us point-blank.","Jose Ortega y Gasset"
"559","The most common way people give up their power is by thinking they donít have any.","Alice Walker "
"560","I think the reward for conformity is that everyone likes you except yourself.","Rita Mae Brown"
"561","Nothing can stop the man with the right mental attitude from achieving his goal; nothing on Earth can help the man with the wrong mental attitude.","Thomas Jefferson"
"562","There is in this world no such force as the force of a man determined to rise.","W.E.B. Du Bois"
"563","Great spirits have always encountered violent oppression from mediocre minds.","Albert Einstein"
"564","Success is not to be pursued; it is to be attracted by the person we become. ","Jim Rohn"
"565","He who conquers others is strong; He who conquers himself is mighty.","Lao Tse"
"566","Nothing great was ever achieved without enthusiasm.","Ralph Waldo Emerson"
"567","It takes courage to grow up and turn out to be who you really are.","E.E. Cummings"
"568","Imperfection is beauty, madness is genius and itís better to be absolutely ridiculous than absolutely boring.","Marilyn Monroe"
"569","And when you gaze long into an abyss, the abyss also gazes into you.","Friedrich Nietzsche"
"570","Eighty percent of success is showing up. ","Woody Allen "
"571","Luck is what happens when preparation meets opportunity.","Seneca "
"572","Donít wait. The time will never be just right. ","Napoleon Hill "
"573","Only put off until tomorrow what you are willing to die having left undone.","Pablo Picasso "
"574","Do small things with great love. ","Mother Teresa "
"575","Sometimes crying or laughing are the only options left, and laughing feels better right now.","Veronica Roth"
"576","Do not let what you canít do interfere with what you can do. ","John Wooden"
"577","When you do something noble and beautiful and nobody noticed, do not be sad. For the sun every morning is a beautiful spectacle and yet most of the audience still sleeps.","John Lennon"
"578","Always be a first-rate version of yourself, instead of a second-rate version of somebody else.","Judy Garland"
"579","Action is the foundational key to all success.","Pablo Picasso"
"580","If you cannot do great things, do small things in a great way."," Napoleon Hill"
"581","Success consists of doing the common things of life uncommonly well.","Unknown"
"582","Remember that happiness is a way of travel, not a destination.","Roy L. Goodman"
"583","It always seems impossible until itís done.","Nelson Mandela"
"584","To find fulfillmentÖdonít exist with life ñ embrace it.","Jim Beggs"
"585","Being the richest man in the cemetery doesnít matter to me. Going to bed at night saying weíve done something wonderfulÖ thatís what matters to me.","Steve Jobs"
"586","You were born with wings, why prefer to crawl through life?","Rumi"
"587","Experience is a brutal teacher, but you learn. My God, do you learn.","C.S.Lewis"
"588","Change the way you look at things and the things you look at change.","Wayne W. Dyer"
"589","The greatest pleasure in life is doing what people say you canít do.","Marc M·rquez"
"590","Setbacks are opportunities for major comebacks. ","Travis Wynn "
"591","Do what you feel in your heart to be right ñ for youíll be criticized anyway.","Eleanor Roosevelt"
"592","The most beautiful thing we can experience is the mysterious. It is the source of all true art and science.","Albert Einstein"
"593","The best time to plant a tree was 20 years ago. The second best time is now.","Chinese Proverb"
"594","We are what we repeatedly do. Excellence, therefore, is not an act but a habit.","Aristotle"
"595","I learned that courage was not the absence of fear, but the triumph over it. The brave man is not he who does not feel afraid, but he who conquers that fear. ","Nelson Mandela "
"596","Itís not the mountains ahead to climb that wear you out; itís the pebble in your shoe. ","Muhammad Ali "
"597","A goal property set is halfway reached. ","Zig Ziglar "
"598","The will to win, the desire to succeed, the urge to reach your full potentialÖ these are the keys that will unlock the door to personal excellence.","Confucius "
"599","Little by little, one travels far. ","J.R.R. Tolkien "
"600","Nothing is impossible, the word itself says ëIím possibleí!","Audrey Hepburn "
"601","We are what we repeatedly do. Excellence, therefore, is not an act but a habit.","Aristotle "
"602","All life is a chance. So take it! the person who goes furthest is the one who is willing to do and dare.","Dale Carnegie "
"603","To believe in the things you can see and touch is no belief at all ñ but to believe in the unseen is a triumph and a blessing.","Abraham Lincoln "
"604","Our doubts are traitors, and make us lose the good we oft might win, by fearing to attempt.","William Shakespeare "
"605","Try and fail, but never fail to try.","Jared Leto "
"606","If not us, then who? If not now, then when? ","John E. Lewis "
"607","Each day you must choose, the pain of discipline or the pain of regret.","Eric Mangini"
"608","The way to get started is to quit talking and begin doing. If you can dream it, you can do it. Always remember that this whole thing was started with a dream and a mouse.","Walt Disney "
"609","Manís main task is to give birth to himself.","Erich Fromm"
"610","Long-term consistency trumps short-term intensity. ","Bruce Lee "
"611","Whether you think you can or think you canít, youíre right.","Henry Ford"
"612","Whatís money? A man is a success if he gets up in the morning and goes to bed at night and in between does what he wants to do.","Bob Dylan"
"613","It doesnít matter where you are coming from. All that matters is where you are going.","Brian Tracy"
"614","Keep your face always toward the sunshine, and shadows will fall behind you.","Walt Whitman"
"615","Do not anticipate trouble, or worry about what may never happen. Keep in the sunlight. ","Benjamin Franklin"
"616","The two most important days in your life are the day you are born and the day you find out why.","Mark Twain "
"617","Turn your wounds into wisdom. ","Oprah "
"618","Inspiration does exist, but it must find you working.","Pablo Picasso"
"619","The harder the conflict, the more glorious the triumph.","Thomas Paine "
"620","The person who removes a mountain begins by carrying away small stones.","Japanese Proverb"
"621","The only time success comes before work is in the dictionary.","Vince Lombardi"
"622","We all have the extraordinary coded within us, waiting to be released.","Jean Houston"
"623","When a quiet man is moved to passion, it seems the very earth will shake.","Stephanie Barron"
"624","Take time to deliberate, but when the time for action has arrived, stop thinking and go in.","Napoleon Bonaparte"
"625","Our plans miscarry because they have no aim. When a man does not know what harbor he is making for, no wind is the right wind. ","Seneca "
"626","Adversity is like a strong wind. It tears away from us all but the things that cannot be torn, so that we see ourselves as we truly are.","Arthur Golden"
"627","If you canít find something to live for, you best find something to die for. ","Tupac "
"628","Impatience is the thief of success. ","Rebekah L. Pierce "
"629","No fear. No distractions. The ability to let that which does not matter truly slide.","Fight Club "
"630","What you get by achieving your goals is not as important as what you become by achieving your goals.","Henry David Thoreau "
"631","People often say that motivation doesnít last. Well, neither does bathing. Thatís why we recommend it daily ","Zig Ziglar "
"632","The question isnít who is going to let me; itís who is going to stop me. ","Ayn Rand "
"633","Life is a journey, not a destination. It is only with the heart that one can see rightly. What is essential is invisible to the eye. ","Antoine de Saint-Exupery "
"634","You gotta find a way to survive cause they win when your soul dies. ","Tupac "
"635","The trouble is you think you have time. ","Buddha "
"636","Success is not final, failure is not fatal; it is the courage to continue that counts. ","Winston Churchill "
"637","The thing about motivation is that you donít really find it finds you. ","Ariana Medina "
"638","No matter who you are, no matter what you did, no matter where youíve come from, you can always change and become a better version of yourself. ","Madonna "
"639","Three failures denote uncommon strength. A weakling has not enough grit to fail thrice.","Minna Thomas Antrim"
"640","If you want something you never had, youíve got to do something youíve never done.","Drina Reed "
"641","If you donít know where you are going any road will get you there","Old Sufi saying"
"642","Everything is okay in the end, if itís not ok, then itís not the end.","unknown"
"643","People who are crazy enough to think they can change the world, are the ones who do.","Apple, Inc."
"644","A journey of a thousand miles begins with a single step.","Lao Tzu"
"645","Successful people are always looking for opportunities to help others. Unsuccessful people are always asking, ëWhatís in it for me?í","Brian Tracy"
"646","If you hear a voice within you say ìyou cannot paint,î then by all means paint and that voice will be silenced.","Vincent Van Gogh"
"647","Do one thing every day that scares you.","Eleanor Roosevelt"
"648","Success is the sum of small efforts, repeated day in and day out.","Robert Collier"
"649","Keep away from people who try to belittle your ambitions. Small people always do that, but the really great make you feel that you, too, can become great.","Mark Twain"
"650","Build your own dreams, or someone else will hire you to build theirs.","Farrah Gray"
"651","Nothing in the universe can stop you from letting go and starting over.","Guy Finley"
"652","People become really quite remarkable when they start thinking that they can do things. When they believe in themselves they have the first secret of success.","Norman Vincent Peale"
"653","Nothing is impossible, the word itself says ëIím possibleí!","Audrey Hepburn"
"654","You have everything you need to build something far bigger than yourself.","Seth Godin"
"655","You are never too old to set another goal or to dream a new dream.","C.S. Lewis"
"656","Do not let your fire go out, spark by irreplaceable spark in the hopeless swamps of the not-quite, the not-yet, and the not-at-all. Do not let the hero in your soul perish in lonely frustration for the life you deserved and have never been able to reach. The world you desire can be won. It exists.. it is real.. it is possible.. itís yours.","Ayn Rand"
"657","The bigger the mountain, the better the view.","Unknown"
"658","A bird sitting on a tree is never afraid of the branch breaking, because her trust is not on the branch but on itís own wings. Always believe in yourself.î","Unknown"
"659","Iíd rather have a life of ìoh, wellsî than a life of ìwhat ifs.î","Unknown"
"660","Nothing is impossible. The word itself says ìIím Possible.î","Unknown"
"661","If you do what you always did, you will get what you always got.","Unknown"
"662","If winning was easy, losers would do it.","Unknown"
"663","You have three choices in life: Give up, give in, or give it all youíve got.","Unknown"
"664","Work until your idols become rivals.","Unknown"
"665","When there is no enemy within, the enemies outside canít hurt you.","Unknown"
"666","There are seven days in the week and someday isnít one of them.","Unknown"
"667","I am not afraid of storms, for I am learning how to sail my ship.","Unknown"
"668","Donít stumble over something thatís behind you.","Unknown"
"669","Today I will do what others wonít so that tomorrow I can do what others canít.","Unknown"
"670","Always act as if the person you admire is watching you.","Unknown"
"671","No one is taller than the last man standing.","Unknown"
"672","I donít stop when Iím tired. I stop when Iím done.","Unknown"
"673","You were born to win, but to be a winner, you must plan to win, prepare to win, and expect to win.","Unknown"
"674","Suffer the pain of discipline or suffer the pain of regret.","Unknown"
"675","All you need is hope and strength: hope that things will eventually get better, and strength to hold on until it does.","Unknown"
"676","Where there is no struggle, there is no strength.","Unknown"
"677","When you feel like quitting, think about why you started.","Unknown"
"678","Failure is the chance to do better next time.","Unknown"
"679","Make sure your worse enemy isnít between your ears.","Unknown"
"680","Every day may not be good. But there is good in every day.","Unknown"
"681","Donít give up what you want most because of what you want now.","Unknown"
"682","Itís not about being the best, itís about being better than you were yesterday.","Unknown"
"683","This is your lifeÖ and its ending one minute at a time.","Unknown"
